Time,Accelerometer UpLeg(x),Accelerometer UpLeg(y),Accelerometer UpLeg(z),Gyroscope UpLeg(x),Gyroscope UpLeg(y),Gyroscope UpLeg(z),Accelerometer Leg(x),Accelerometer Leg(y),Accelerometer Leg(z),Gyroscope Leg(x),Gyroscope Leg(y),Gyroscope Leg(z),Goniometry UpLeg Angle,Goniometry Leg Angle
345.5737,-0.01367188,1.016602,0.01855469,-3.125,5.71875,-1.78125,0,0,0,0,0,0,198.884,198.884
345.576,-0.01367188,1.016602,0.01855469,-3.125,5.71875,-1.78125,0,0,0,0,0,0,198.884,198.884
345.5763,-0.01367188,1.016602,0.01855469,-3.125,5.71875,-1.78125,0,0,0,0,0,0,198.884,198.884
345.6017,-0.2070313,0.9677734,0.125,-4.59375,4.125,-0.75,0,0,0,0,0,0,198.5867,198.5867
345.6349,-0.2070313,0.9677734,0.125,-4.59375,4.125,-0.75,0,0,0,0,0,0,198.2861,198.2861
345.6679,-0.2070313,0.9677734,0.125,-4.59375,4.125,-0.75,0,0,0,0,0,0,198.2861,198.2861
345.7014,-0.1601563,0.9082031,0.06445313,-3.3125,1.75,-2.6875,0,0,0,0,0,0,198.2861,198.2861
345.7352,-0.1601563,0.9082031,0.06445313,-3.3125,1.75,-2.6875,0,0,0,0,0,0,195.9512,195.9512
345.7684,-0.01367188,1.095703,0.04296875,-7.09375,1.5625,-1.46875,0,0,0,0,0,0,195.9512,195.9512
345.8019,-0.01367188,1.095703,0.04296875,-7.09375,1.5625,-1.46875,0,0,0,0,0,0,194.0935,194.0935
345.8359,-0.06445313,0.9257813,-0.09179688,-10.28125,-3.1875,-3.3125,0,0,0,0,0,0,194.0935,194.0935
345.8687,-0.06445313,0.9257813,-0.09179688,-10.28125,-3.1875,-3.3125,0,0,0,0,0,0,193.7229,193.7229
345.9025,-0.1015625,0.8232422,0.09472656,-28.875,2.25,-4.53125,0,0,0,0,0,0,193.7229,193.7229
345.9359,-0.1015625,0.8232422,0.09472656,-28.875,2.25,-4.53125,0,0,0,0,0,0,193.7229,193.7229
345.9698,-0.2167969,0.8730469,-0.078125,-22,-8,-4.09375,0,0,0,0,0,0,188.9326,188.9326
346.0029,-0.2167969,0.8730469,-0.078125,-22,-8,-4.09375,0,0,0,0,0,0,188.9326,188.9326
346.0375,-0.1132813,0.9892578,0.2949219,-23.15625,-0.5,-1.84375,0,0,0,0,0,0,187.5854,187.5854
346.0704,-0.1132813,0.9892578,0.2949219,-23.15625,-0.5,-1.84375,0,0,0,0,0,0,187.5854,187.5854
346.1035,-0.1132813,0.9892578,0.2949219,-23.15625,-0.5,-1.84375,0,0,0,0,0,0,182.3352,182.3352
346.1377,-0.1855469,0.8535156,0.2314453,-3.90625,-5.3125,-2.75,0,0,0,0,0,0,182.3352,182.3352
346.1707,-0.1855469,0.8535156,0.2314453,-3.90625,-5.3125,-2.75,0,0,0,0,0,0,178.9261,178.9261
346.2041,-0.0078125,0.9658203,0.1328125,0.09375,3.46875,-0.5,0,0,0,0,0,0,178.9261,178.9261
346.2375,-0.2578125,1.070313,0.2988281,-2.15625,6.9375,-1.78125,0,0,0,0,0,0,178.778,178.778
346.2709,-0.2578125,1.070313,0.2988281,-2.15625,6.9375,-1.78125,0,0,0,0,0,0,178.5029,178.5029
346.3042,-0.2314453,0.8847656,0.265625,-4.09375,4.875,-1.34375,0,0,0,0,0,0,177.0728,177.0728
346.3375,-0.2314453,0.8847656,0.265625,-4.09375,4.875,-1.34375,0,0,0,0,0,0,177.0728,177.0728
346.371,-0.2314453,0.8847656,0.265625,-4.09375,4.875,-1.34375,0,0,0,0,0,0,177.0728,177.0728
346.4052,-0.3095703,0.984375,0.08203125,-7.9375,-3.90625,-3.4375,0,0,0,0,0,0,175.7509,175.7509
346.4381,-0.3095703,0.984375,0.08203125,-7.9375,-3.90625,-3.4375,0,0,0,0,0,0,175.7509,175.7509
346.4718,-0.06152344,0.7646484,0.1298828,-16.25,-9.34375,-8.25,0,0,0,0,0,0,175.4462,175.4462
346.5048,-0.06152344,0.7646484,0.1298828,-16.25,-9.34375,-8.25,0,0,0,0,0,0,175.4462,175.4462
346.5387,-0.2275391,0.9101563,-0.005859375,-18.8125,-7.65625,-13.03125,0,0,0,0,0,0,173.9165,173.9165
346.5717,-0.2275391,0.9101563,-0.005859375,-18.8125,-7.65625,-13.03125,0,0,0,0,0,0,173.9165,173.9165
346.6057,-0.2314453,0.890625,0.2128906,-35.125,-0.5,-18.6875,0,0,0,0,0,0,171.4674,171.4674
346.6388,-0.2314453,0.890625,0.2128906,-35.125,-0.5,-18.6875,0,0,0,0,0,0,171.4674,171.4674
346.6726,-0.2480469,1.005859,0.2265625,-47.0625,4.375,-21.375,0,0,0,0,0,0,165.18,165.18
346.7058,-0.2480469,1.005859,0.2265625,-47.0625,4.375,-21.375,0,0,0,0,0,0,165.18,165.18
346.7398,-0.2480469,1.005859,0.2265625,-47.0625,4.375,-21.375,0,0,0,0,0,0,165.18,165.18
346.7733,-0.1728516,0.9814453,0.2910156,-21.5625,-27.53125,-3.3125,0,0,0,0,0,0,159.4202,159.4202
346.8064,-0.1728516,0.9814453,0.2910156,-21.5625,-27.53125,-3.3125,0,0,0,0,0,0,159.4202,159.4202
346.8403,-0.1748047,0.8642578,0.5078125,-29.5,-0.625,5.65625,0,0,0,0,0,0,152.7124,152.7124
346.8734,-0.1748047,0.8642578,0.5078125,-29.5,-0.625,5.65625,0,0,0,0,0,0,152.7124,152.7124
346.9072,-0.3427734,0.7851563,0.5507813,-37.90625,26.34375,18.65625,0,0,0,0,0,0,144.9694,144.9694
346.9402,-0.3427734,0.7851563,0.5507813,-37.90625,26.34375,18.65625,0,0,0,0,0,0,141.8289,141.8289
346.9739,-0.1933594,0.8037109,0.4296875,-38.65625,12.9375,14.21875,0,0,0,0,0,0,141.8289,141.8289
346.9775,-0.1933594,0.8037109,0.4296875,-38.65625,12.9375,14.21875,0,0,0,0,0,0,141.8289,141.8289
347.0133,-0.1933594,0.8037109,0.4296875,-38.65625,12.9375,14.21875,0,0,0,0,0,0,132.1899,132.1899
347.0451,-0.3935547,0.9130859,0.4941406,-27,-3.4375,13.28125,0,0,0,0,0,0,132.1899,132.1899
347.0784,-0.3935547,0.9130859,0.4941406,-27,-3.4375,13.28125,0,0,0,0,0,0,128.3369,128.3369
347.1114,-0.2685547,0.6826172,0.3476563,-31.75,-3.625,27.5625,0,0,0,0,0,0,128.3369,128.3369
347.1446,-0.2685547,0.6826172,0.3476563,-31.75,-3.625,27.5625,0,0,0,0,0,0,123.4569,123.4569
347.1789,-0.1396484,0.6689453,0.4853516,-21,-9.65625,11.40625,0,0,0,0,0,0,123.4569,123.4569
347.2112,-0.1396484,0.6689453,0.4853516,-21,-9.65625,11.40625,0,0,0,0,0,0,119.4563,119.4563
347.2451,-0.1396484,0.6689453,0.4853516,-21,-9.65625,11.40625,0,0,0,0,0,0,119.4563,119.4563
347.2782,-0.2246094,0.7353516,0.640625,-21,-8.1875,23.78125,0,0,0,0,0,0,118.0376,118.0376
347.3109,-0.2246094,0.7353516,0.640625,-21,-8.1875,23.78125,0,0,0,0,0,0,118.0376,118.0376
347.3451,-0.1914063,0.6210938,0.6191406,-26.8125,-6.1875,19.09375,0,0,0,0,0,0,118.0376,118.0376
347.3802,-0.1914063,0.6210938,0.6191406,-26.8125,-6.1875,19.09375,0,0,0,0,0,0,115.0551,115.0551
347.4132,0.03222656,0.6142578,0.6367188,-41.40625,0.65625,17,0,0,0,0,0,0,115.0551,115.0551
347.4571,0.08007813,0.6484375,0.6767578,-48.21875,15.84375,16.9375,0,0,0,0,0,0,102.7623,102.7624
347.4775,-0.07324219,0.6708984,0.6738281,-59.71875,42.96875,11.21875,0,0,0,0,0,0,102.7623,102.7624
347.5127,-0.07324219,0.6708984,0.6738281,-59.71875,42.96875,11.21875,0,0,0,0,0,0,96.80608,96.80608
347.5471,-0.07324219,0.6708984,0.6738281,-59.71875,42.96875,11.21875,0,0,0,0,0,0,96.80608,96.80608
347.5806,-0.1425781,0.4560547,0.6210938,-66.3125,8.03125,2.3125,0,0,0,0,0,0,93.56878,93.56877
347.6119,-0.1425781,0.4560547,0.6210938,-66.3125,8.03125,2.3125,0,0,0,0,0,0,93.56878,93.56877
347.6476,0.09960938,0.4345703,0.8515625,-69.53125,-3.625,-4.40625,0,0,0,0,0,0,84.99953,84.99953
347.6807,0.09960938,0.4345703,0.8515625,-69.53125,-3.625,-4.40625,0,0,0,0,0,0,84.99953,84.99953
347.7139,-0.1123047,0.5019531,0.9833984,-71.3125,15.0625,-5.625,0,0,0,0,0,0,74.6948,74.69481
347.7462,-0.1123047,0.5019531,0.9833984,-71.3125,15.0625,-5.625,0,0,0,0,0,0,74.6948,74.69481
347.7801,-0.2167969,0.4326172,0.953125,-65.4375,-5.3125,-11,0,0,0,0,0,0,71.97917,71.97915
347.8156,-0.2167969,0.4326172,0.953125,-65.4375,-5.3125,-11,0,0,0,0,0,0,71.97917,71.97917
347.8447,-0.09179688,0.2421875,1.056641,-35.84375,-8.75,-8.1875,0,0,0,0,0,0,71.97917,71.97917
347.8817,-0.09179688,0.2421875,1.056641,-35.84375,-8.75,-8.1875,0,0,0,0,0,0,69.17645,69.17645
347.9155,-0.09179688,0.2421875,1.056641,-35.84375,-8.75,-8.1875,0,0,0,0,0,0,69.17645,69.17645
347.9449,-0.04785156,0.06054688,1.079102,-31.5625,0.34375,-22.34375,0,0,0,0,0,0,69.17645,69.17645
347.9826,-0.1279297,0.1914063,1.083008,-14.96875,-23.5,-11.6875,0,0,0,0,0,0,73.79588,73.79588
348.0155,-0.1279297,0.1914063,1.083008,-14.96875,-23.5,-11.6875,0,0,0,0,0,0,80.04562,80.04562
348.0465,-0.1005859,0.07421875,1.133789,-10.6875,-12.34375,-11.84375,0,0,0,0,0,0,80.04562,80.04562
348.0807,-0.1005859,0.07421875,1.133789,-10.6875,-12.34375,-11.84375,0,0,0,0,0,0,87.35634,87.35633
348.1158,-0.1621094,0.1572266,1.03125,-6.71875,-3.90625,-10.15625,0,0,0,0,0,0,87.35634,87.35634
348.145,-0.1621094,0.1572266,1.03125,-6.71875,-3.90625,-10.15625,0,0,0,0,0,0,87.35634,87.35634
348.1822,-0.1621094,0.1572266,1.03125,-6.71875,-3.90625,-10.15625,0,0,0,0,0,0,92.98495,92.98495
348.2155,-0.1621094,0.1572266,1.03125,-6.71875,-3.90625,-10.15625,0,0,0,0,0,0,92.98495,92.98495
348.2464,-0.01660156,0.03417969,0.9433594,-0.4375,-14.0625,-7.46875,0,0,0,0,0,0,92.98495,92.98495
348.2829,-0.1113281,0.03222656,1.118164,-13.875,-2.75,-7.65625,0,0,0,0,0,0,98.47391,98.47391
348.3161,-0.1113281,0.03222656,1.118164,-13.875,-2.75,-7.65625,0,0,0,0,0,0,98.47391,98.47391
348.3465,-0.1552734,0,1.103516,-5.625,9.875,-9.15625,0,0,0,0,0,0,98.47391,98.47391
348.3826,-0.1552734,0,1.103516,-5.625,9.875,-9.15625,0,0,0,0,0,0,100.025,100.025
348.4156,0.01269531,0.09765625,1.02832,3.65625,-2.6875,-6.25,0,0,0,0,0,0,100.025,100.025
348.4472,0.01269531,0.09765625,1.02832,3.65625,-2.6875,-6.25,0,0,0,0,0,0,100.025,100.025
348.4827,-0.1835938,0.2597656,0.8212891,-2.46875,-1.53125,-5.3125,0,0,0,0,0,0,99.59811,99.59811
348.5171,-0.1835938,0.2597656,0.8212891,-2.46875,-1.53125,-5.3125,0,0,0,0,0,0,103.9003,103.9003
348.5474,-0.02929688,0.1064453,0.9667969,0.21875,-4.21875,-3.6875,0,0,0,0,0,0,103.9003,103.9003
348.5845,-0.02929688,0.1064453,0.9667969,0.21875,-4.21875,-3.6875,0,0,0,0,0,0,105.3563,105.3563
348.6175,-0.02929688,0.1064453,0.9667969,0.21875,-4.21875,-3.6875,0,0,0,0,0,0,105.3563,105.3563
348.6483,-0.1103516,0.09082031,0.7753906,4.5625,-3.25,-1.78125,0,0,0,0,0,0,105.3563,105.3563
348.6843,-0.1103516,0.09082031,0.7753906,4.5625,-3.25,-1.78125,0,0,0,0,0,0,105.6903,105.6903
348.7188,-0.1679688,0.06933594,1.011719,3.53125,-2.53125,-1.3125,0,0,0,0,0,0,105.6903,105.6903
348.748,-0.1679688,0.06933594,1.011719,3.53125,-2.53125,-1.3125,0,0,0,0,0,0,105.6903,105.6903
348.7848,-0.1513672,0.1220703,1.103516,4.6875,-6.3125,3.15625,0,0,0,0,0,0,105.1888,105.1888
348.8187,-0.1513672,0.1220703,1.103516,4.6875,-6.3125,3.15625,0,0,0,0,0,0,105.4937,105.4937
348.8484,-0.04101563,0.1884766,0.9609375,4.3125,-1.59375,0.71875,0,0,0,0,0,0,105.4937,105.4937
348.8843,-0.04101563,0.1884766,0.9609375,4.3125,-1.59375,0.71875,0,0,0,0,0,0,104.8994,104.8994
348.9176,-0.1054688,0.01367188,0.9746094,3.03125,-8.9375,9.5,0,0,0,0,0,0,104.8994,104.8994
348.9489,-0.1054688,0.01367188,0.9746094,3.03125,-8.9375,9.5,0,0,0,0,0,0,104.8994,104.8994
348.9847,-0.1054688,0.01367188,0.9746094,3.03125,-8.9375,9.5,0,0,0,0,0,0,103.6628,103.6628
349.0185,0.07421875,0.1660156,0.9697266,11.75,-6.125,11.34375,0,0,0,0,0,0,102.0116,102.0116
349.049,0.07421875,0.1660156,0.9697266,11.75,-6.125,11.34375,0,0,0,0,0,0,102.0116,102.0116
349.0854,-0.01367188,0.05957031,1.063477,22.625,-13.0625,29.84375,0,0,0,0,0,0,102.9979,102.9979
349.119,-0.01367188,0.05957031,1.063477,22.625,-13.0625,29.84375,0,0,0,0,0,0,102.9979,102.9979
349.1501,0.04394531,0.08789063,0.9794922,27.375,-10.9375,13.65625,0,0,0,0,0,0,102.9979,102.9979
349.1855,0.1796875,-0.05273438,1.478516,2.96875,13.71875,-9.34375,0,0,0,0,0,0,104.7048,104.7048
349.2188,0.1796875,-0.05273438,1.478516,2.96875,13.71875,-9.34375,0,0,0,0,0,0,100.0884,100.0884
349.2499,0.1796875,-0.05273438,1.478516,2.96875,13.71875,-9.34375,0,0,0,0,0,0,100.0884,100.0884
349.2878,0.01171875,0.07324219,1.303711,31.28125,47.78125,3.46875,0,0,0,0,0,0,81.88071,81.88071
349.3222,0.01171875,0.07324219,1.303711,31.28125,47.78125,3.46875,0,0,0,0,0,0,81.88071,81.88071
349.3506,-0.05957031,0.4052734,0.9794922,80.96875,-14.46875,4.8125,0,0,0,0,0,0,81.88071,81.88071
349.3842,-0.05957031,0.4052734,0.9794922,80.96875,-14.46875,4.8125,0,0,0,0,0,0,81.88071,81.88071
349.4202,-0.2529297,0.3916016,0.7685547,86.46875,-18.5,2,0,0,0,0,0,0,63.62412,63.6241
349.451,-0.2529297,0.3916016,0.7685547,86.46875,-18.5,2,0,0,0,0,0,0,63.62412,63.6241
349.4845,-0.046875,0.4736328,0.7636719,98.375,-18.9375,-15.9375,0,0,0,0,0,0,65.48023,65.48023
349.5205,-0.046875,0.4736328,0.7636719,98.375,-18.9375,-15.9375,0,0,0,0,0,0,77.81558,77.81558
349.5513,0.1455078,0.7685547,0.6699219,83.59375,7,-17.46875,0,0,0,0,0,0,77.81558,77.81558
349.585,0.1455078,0.7685547,0.6699219,83.59375,7,-17.46875,0,0,0,0,0,0,77.81558,77.81558
349.6201,-0.02441406,0.3574219,0.5566406,93,-23.5,-16.96875,0,0,0,0,0,0,89.10924,89.10924
349.6519,-0.02441406,0.3574219,0.5566406,93,-23.5,-16.96875,0,0,0,0,0,0,89.10924,89.10924
349.6854,-0.02441406,0.3574219,0.5566406,93,-23.5,-16.96875,0,0,0,0,0,0,95.79862,95.79862
349.7215,-0.1103516,0.3125,0.5976563,97.40625,-33.84375,-6.71875,0,0,0,0,0,0,95.79862,95.79862
349.7519,-0.1103516,0.3125,0.5976563,97.40625,-33.84375,-6.71875,0,0,0,0,0,0,95.79862,95.79862
349.7863,0.08984375,0.8769531,0.6611328,29.59375,22.625,-13.625,0,0,0,0,0,0,102.9712,102.9712
349.8218,0.08984375,0.8769531,0.6611328,29.59375,22.625,-13.625,0,0,0,0,0,0,109.1637,109.1637
349.8529,0.08984375,0.8769531,0.6611328,29.59375,22.625,-13.625,0,0,0,0,0,0,109.1637,109.1637
349.8858,-0.1582031,0.7695313,0.4824219,28,21.90625,-19.1875,0,0,0,0,0,0,109.1637,109.1637
349.9229,0.07226563,1.05957,0.06152344,52.65625,4.375,-10.6875,0,0,0,0,0,0,120.411,120.411
349.9533,0.07226563,1.05957,0.06152344,52.65625,4.375,-10.6875,0,0,0,0,0,0,120.411,120.411
349.9869,-0.1914063,0.9365234,0.4326172,24.34375,23.53125,18.65625,0,0,0,0,0,0,130.9364,130.9365
350.0234,-0.1914063,0.9365234,0.4326172,24.34375,23.53125,18.65625,0,0,0,0,0,0,134.4295,134.4295
350.0535,-0.0234375,1.00293,0.2255859,43.5625,-1,-7.40625,0,0,0,0,0,0,134.4295,134.4295
350.088,-0.0234375,1.00293,0.2255859,43.5625,-1,-7.40625,0,0,0,0,0,0,134.4295,134.4295
350.124,-0.2119141,0.8115234,-0.0234375,53.28125,-26.5,9.4375,0,0,0,0,0,0,143.3148,143.3148
350.1537,-0.2119141,0.8115234,-0.0234375,53.28125,-26.5,9.4375,0,0,0,0,0,0,143.3148,143.3148
350.1877,-0.2119141,0.8115234,-0.0234375,53.28125,-26.5,9.4375,0,0,0,0,0,0,151.6506,151.6506
350.2239,-0.1035156,0.9277344,0.2099609,39.59375,1.5625,8.53125,0,0,0,0,0,0,151.6506,151.6506
350.2543,-0.1035156,0.9277344,0.2099609,39.59375,1.5625,8.53125,0,0,0,0,0,0,151.6506,151.6506
350.288,-0.06738281,0.8232422,0.03808594,40.03125,3.03125,-7.46875,0,0,0,0,0,0,158.938,158.938
350.3326,-0.15625,0.8769531,0.001953125,22.375,-8.1875,6.40625,0,0,0,0,0,0,165.5629,165.5629
350.3545,-0.15625,0.8769531,0.001953125,22.375,-8.1875,6.40625,0,0,0,0,0,0,165.5629,165.5629
350.3886,-0.15625,0.8769531,0.001953125,22.375,-8.1875,6.40625,0,0,0,0,0,0,167.479,167.479
350.4244,-0.02050781,1.050781,0.04394531,7.6875,-2.09375,1.4375,0,0,0,0,0,0,167.479,167.479
350.4564,-0.02050781,1.050781,0.04394531,7.6875,-2.09375,1.4375,0,0,0,0,0,0,167.479,167.479
350.4882,-0.03515625,1.092773,-0.1035156,1.21875,1.4375,-3.375,0,0,0,0,0,0,172.5833,172.5833
350.5251,-0.03515625,1.092773,-0.1035156,1.21875,1.4375,-3.375,0,0,0,0,0,0,174.8583,174.8583
350.5561,-0.03515625,1.092773,-0.1035156,1.21875,1.4375,-3.375,0,0,0,0,0,0,174.8583,174.8583
350.59,0.03222656,0.7246094,0.0625,1.75,3.40625,-2.75,0,0,0,0,0,0,174.8583,174.8583
350.6264,-0.009765625,1.072266,0.0703125,-15.9375,20.3125,0.28125,0,0,0,0,0,0,175.6393,175.6393
350.6557,-0.009765625,1.072266,0.0703125,-15.9375,20.3125,0.28125,0,0,0,0,0,0,175.6393,175.6393
350.6898,-0.03808594,1.139648,0.02832031,-33.09375,15.0625,-17.59375,0,0,0,0,0,0,174.4778,174.4778
350.7252,-0.03808594,1.139648,0.02832031,-33.09375,15.0625,-17.59375,0,0,0,0,0,0,171.2071,171.2071
350.758,-0.03808594,1.139648,0.02832031,-33.09375,15.0625,-17.59375,0,0,0,0,0,0,171.2071,171.2071
350.7899,-0.08203125,0.9130859,-0.1064453,-70.9375,39.0625,-14.125,0,0,0,0,0,0,171.2071,171.2071
350.826,-0.08203125,0.9130859,-0.1064453,-70.9375,39.0625,-14.125,0,0,0,0,0,0,162.0473,162.0473
350.8563,0.04296875,0.9345703,0.1894531,-84.4375,0.90625,-33.40625,0,0,0,0,0,0,162.0473,162.0473
350.8924,0.04296875,0.9345703,0.1894531,-84.4375,0.90625,-33.40625,0,0,0,0,0,0,162.0473,162.0473
350.9274,0.1201172,1.022461,0.1816406,-89.125,-18.3125,-25.40625,0,0,0,0,0,0,156.8873,156.8873
350.9571,0.1201172,1.022461,0.1816406,-89.125,-18.3125,-25.40625,0,0,0,0,0,0,156.8873,156.8873
350.9907,-0.1191406,0.7910156,0.2949219,-70.15625,16.71875,-13.875,0,0,0,0,0,0,142.7751,142.7751
351.0238,-0.1191406,0.7910156,0.2949219,-70.15625,16.71875,-13.875,0,0,0,0,0,0,142.7751,142.7751
351.0574,-0.1855469,0.7685547,0.5390625,-61.28125,-27.53125,-0.25,0,0,0,0,0,0,130.2386,130.2386
351.0911,-0.1855469,0.7685547,0.5390625,-61.28125,-27.53125,-0.25,0,0,0,0,0,0,130.2386,130.2386
351.1242,-0.1855469,0.7685547,0.5390625,-61.28125,-27.53125,-0.25,0,0,0,0,0,0,126.1056,126.1056
351.1581,0.1337891,0.7978516,0.546875,-56.65625,-24.75,6.40625,0,0,0,0,0,0,126.1056,126.1056
351.1915,0.1337891,0.7978516,0.546875,-56.65625,-24.75,6.40625,0,0,0,0,0,0,115.6325,115.6325
351.2247,0.01757813,0.7490234,0.6484375,-44.875,4.125,3.9375,0,0,0,0,0,0,115.6325,115.6325
351.2584,0.01757813,0.7490234,0.6484375,-44.875,4.125,3.9375,0,0,0,0,0,0,107.2086,107.2086
351.2917,-0.1201172,0.640625,0.7177734,-28.15625,21.96875,10.53125,0,0,0,0,0,0,107.2086,107.2086
351.3249,-0.1201172,0.640625,0.7177734,-28.15625,21.96875,10.53125,0,0,0,0,0,0,100.7358,100.7358
351.3584,0.1308594,0.7519531,0.6923828,-43.46875,10.90625,27.4375,0,0,0,0,0,0,100.7358,100.7358
351.3924,0.1308594,0.7519531,0.6923828,-43.46875,10.90625,27.4375,0,0,0,0,0,0,100.7358,100.7358
351.4257,0.0625,0.484375,0.6904297,-58.375,10.90625,11.71875,0,0,0,0,0,0,94.27993,94.27994
351.4592,0.0625,0.484375,0.6904297,-58.375,10.90625,11.71875,0,0,0,0,0,0,94.27993,94.27993
351.4933,-0.21875,0.4433594,0.7402344,-75.6875,-6.53125,11.40625,0,0,0,0,0,0,89.59216,89.59216
351.5262,-0.21875,0.4433594,0.7402344,-75.6875,-6.53125,11.40625,0,0,0,0,0,0,89.59216,89.59216
351.5598,-0.05078125,0.3925781,0.796875,-62.9375,-0.125,5.34375,0,0,0,0,0,0,78.00658,78.00658
351.5941,-0.05078125,0.3925781,0.796875,-62.9375,-0.125,5.34375,0,0,0,0,0,0,78.00658,78.00658
351.6269,-0.05078125,0.3925781,0.796875,-62.9375,-0.125,5.34375,0,0,0,0,0,0,71.7263,71.7263
351.6602,-0.03613281,0.4912109,0.8027344,-62.15625,7.375,0.34375,0,0,0,0,0,0,71.7263,71.7263
351.6941,-0.03613281,0.4912109,0.8027344,-62.15625,7.375,0.34375,0,0,0,0,0,0,63.68006,63.6801
351.7269,-0.2480469,0.3212891,0.953125,-72.40625,-2.03125,2.25,0,0,0,0,0,0,63.68006,63.6801
351.7639,-0.2480469,0.3212891,0.953125,-72.40625,-2.03125,2.25,0,0,0,0,0,0,63.13611,63.13611
351.7939,-0.1738281,0.1699219,0.8544922,-64.34375,-23.03125,-1.25,0,0,0,0,0,0,63.13611,63.13611
351.8274,-0.1738281,0.1699219,0.8544922,-64.34375,-23.03125,-1.25,0,0,0,0,0,0,63.85852,63.85852
351.8605,0,0.08203125,1.231445,-25.65625,-0.625,-7.8125,0,0,0,0,0,0,63.85852,63.85852
351.8942,0,0.08203125,1.231445,-25.65625,-0.625,-7.8125,0,0,0,0,0,0,76.39147,76.39147
351.9279,0.1503906,0.109375,1.102539,-2.9375,19.15625,-7.21875,0,0,0,0,0,0,76.39147,76.39147
351.9629,0.1503906,0.109375,1.102539,-2.9375,19.15625,-7.21875,0,0,0,0,0,0,76.39147,76.39147
351.9947,0.1503906,0.109375,1.102539,-2.9375,19.15625,-7.21875,0,0,0,0,0,0,86.02202,86.02202
352.0284,-0.1132813,0.1523438,0.9931641,1.75,19.8125,-0.625,0,0,0,0,0,0,86.02202,86.02202
352.0614,-0.2363281,0.2519531,1.016602,-9.125,9.6875,0.46875,0,0,0,0,0,0,87.21488,87.21488
352.0957,-0.2363281,0.2519531,1.016602,-9.125,9.6875,0.46875,0,0,0,0,0,0,92.52628,92.52628
352.1289,-0.1103516,0.109375,1.061523,-26.0625,12.9375,14.03125,0,0,0,0,0,0,92.52628,92.52628
352.1623,-0.1103516,0.109375,1.061523,-26.0625,12.9375,14.03125,0,0,0,0,0,0,92.52628,92.52628
352.1957,-0.1103516,0.109375,1.061523,-26.0625,12.9375,14.03125,0,0,0,0,0,0,95.24775,95.24775
352.2289,-0.2626953,0.08984375,1.170898,-21.5,-11.5,17.0625,0,0,0,0,0,0,95.24775,95.24775
352.2626,-0.2626953,0.08984375,1.170898,-21.5,-11.5,17.0625,0,0,0,0,0,0,99.09239,99.09238
352.2973,-0.1699219,0.004882813,0.9052734,18.59375,-19.375,7,0,0,0,0,0,0,99.09239,99.09238
352.3309,-0.1699219,0.004882813,0.9052734,18.59375,-19.375,7,0,0,0,0,0,0,100.9845,100.9845
352.3625,-0.078125,0.1689453,1.067383,0.40625,-2.6875,0.40625,0,0,0,0,0,0,100.9845,100.9845
352.3973,-0.078125,0.1689453,1.067383,0.40625,-2.6875,0.40625,0,0,0,0,0,0,102.6092,102.6092
352.4303,-0.1279297,0.1738281,1.136719,-0.375,-3.1875,6.46875,0,0,0,0,0,0,102.6092,102.6092
352.4631,-0.1279297,0.1738281,1.136719,-0.375,-3.1875,6.46875,0,0,0,0,0,0,102.6092,102.6092
352.4975,-0.1279297,0.1738281,1.136719,-0.375,-3.1875,6.46875,0,0,0,0,0,0,103.8722,103.8722
352.5305,-0.1757813,0.0078125,1.051758,2.125,11.28125,3.71875,0,0,0,0,0,0,103.8722,103.8722
352.5644,-0.1757813,0.0078125,1.051758,2.125,11.28125,3.71875,0,0,0,0,0,0,103.8722,103.8722
352.597,-0.01660156,0.1376953,0.9306641,1.4375,1.09375,6.9375,0,0,0,0,0,0,103.3415,103.3415
352.6307,-0.01660156,0.1376953,0.9306641,1.4375,1.09375,6.9375,0,0,0,0,0,0,105.8799,105.8799
352.6637,-0.05175781,0.1240234,0.9589844,0.15625,2.5625,6.21875,0,0,0,0,0,0,105.8799,105.8799
352.6975,-0.05175781,0.1240234,0.9589844,0.15625,2.5625,6.21875,0,0,0,0,0,0,105.8849,105.8849
352.7308,0.01171875,0.03808594,0.8955078,0.46875,6.625,8.78125,0,0,0,0,0,0,105.8849,105.8849
352.7644,0.01171875,0.03808594,0.8955078,0.46875,6.625,8.78125,0,0,0,0,0,0,105.7744,105.7744
352.7979,-0.2207031,0.1318359,1.075195,-3.8125,8.71875,6.875,0,0,0,0,0,0,105.7744,105.7744
352.8319,-0.2207031,0.1318359,1.075195,-3.8125,8.71875,6.875,0,0,0,0,0,0,104.7524,104.7524
352.865,-0.1728516,0.01367188,0.9580078,0.03125,10.1875,7.125,0,0,0,0,0,0,104.7524,104.7524
352.8991,-0.1728516,0.01367188,0.9580078,0.03125,10.1875,7.125,0,0,0,0,0,0,104.7524,104.7524
352.9321,-0.1728516,0.01367188,0.9580078,0.03125,10.1875,7.125,0,0,0,0,0,0,102.9828,102.9828
352.9656,-0.3115234,0.08984375,0.9697266,5,0.90625,3.9375,0,0,0,0,0,0,102.9828,102.9828
352.9988,-0.1220703,0.2880859,1.125977,2.4375,-5.6875,2.5625,0,0,0,0,0,0,103.0211,103.0211
353.0322,-0.1220703,0.2880859,1.125977,2.4375,-5.6875,2.5625,0,0,0,0,0,0,103.0211,103.0211
353.0656,0.05371094,-0.0703125,0.8808594,9.375,-8.25,10.125,0,0,0,0,0,0,101.4763,101.4763
353.0993,0.05371094,-0.0703125,0.8808594,9.375,-8.25,10.125,0,0,0,0,0,0,101.4763,101.4763
353.133,0.05371094,-0.0703125,0.8808594,9.375,-8.25,10.125,0,0,0,0,0,0,101.721,101.721
353.1665,-0.3007813,0.1962891,1.118164,-4.84375,1.4375,28.3125,0,0,0,0,0,0,101.721,101.721
353.1992,0.07226563,0.1914063,0.9970703,21.53125,9.9375,0.15625,0,0,0,0,0,0,99.75334,99.75334
353.2333,0.07226563,0.1914063,0.9970703,21.53125,9.9375,0.15625,0,0,0,0,0,0,90.58167,90.58168
353.2662,-0.2441406,-0.05273438,0.9638672,6.9375,14.75,8.34375,0,0,0,0,0,0,90.58167,90.58168
353.3052,-0.2441406,-0.05273438,0.9638672,6.9375,14.75,8.34375,0,0,0,0,0,0,90.58167,90.58168
353.3331,-0.2441406,-0.05273438,0.9638672,6.9375,14.75,8.34375,0,0,0,0,0,0,90.84541,90.84541
353.3669,-0.1201172,-0.1445313,1.415039,-3.0625,20.4375,-4.90625,0,0,0,0,0,0,90.84541,90.84541
353.4005,-0.1201172,-0.1445313,1.415039,-3.0625,20.4375,-4.90625,0,0,0,0,0,0,74.97097,74.97099
353.4339,-0.2714844,-0.2001953,1.25293,29.34375,25.4375,-2.625,0,0,0,0,0,0,74.97097,74.97099
353.468,-0.2714844,-0.2001953,1.25293,29.34375,25.4375,-2.625,0,0,0,0,0,0,74.97097,74.97099
353.5013,-0.2275391,0.1523438,1.052734,75.3125,-33.53125,35.4375,0,0,0,0,0,0,56.84025,56.84023
353.5345,-0.2275391,0.1523438,1.052734,75.3125,-33.53125,35.4375,0,0,0,0,0,0,67.70204,67.70206
353.5675,-0.1328125,0.3378906,0.8691406,89.09375,-59.21875,-7.65625,0,0,0,0,0,0,67.70204,67.70204
353.6015,-0.1328125,0.3378906,0.8691406,89.09375,-59.21875,-7.65625,0,0,0,0,0,0,67.70204,67.70204
353.6373,-0.1933594,0.4785156,0.7939453,101.0625,-50.375,-19.4375,0,0,0,0,0,0,59.56441,59.56441
353.6683,-0.1933594,0.4785156,0.7939453,101.0625,-50.375,-19.4375,0,0,0,0,0,0,59.56441,59.56438
353.7016,-0.1933594,0.4785156,0.7939453,101.0625,-50.375,-19.4375,0,0,0,0,0,0,59.82136,59.82136
353.7357,-0.03320313,0.7402344,0.7490234,106.375,-33.875,-29.5,0,0,0,0,0,0,59.82136,59.82136
353.7686,-0.1621094,0.6914063,0.4404297,82.75,15.96875,-18.8125,0,0,0,0,0,0,59.82136,59.82136
353.8023,-0.1621094,0.6914063,0.4404297,82.75,15.96875,-18.8125,0,0,0,0,0,0,77.72072,77.72072
353.8361,-0.1621094,0.6914063,0.4404297,82.75,15.96875,-18.8125,0,0,0,0,0,0,92.63007,92.63007
353.869,0.05761719,0.8144531,0.4541016,76.40625,2.71875,-27.0625,0,0,0,0,0,0,92.63007,92.63007
353.9026,0.05761719,0.8144531,0.4541016,76.40625,2.71875,-27.0625,0,0,0,0,0,0,96.69633,96.69633
353.9363,0.08398438,0.7568359,0.7509766,82.1875,18.90625,-5.625,0,0,0,0,0,0,96.69633,96.69633
353.9694,0.08398438,0.7568359,0.7509766,82.1875,18.90625,-5.625,0,0,0,0,0,0,96.69633,96.69633
354.0033,0.1210938,0.9599609,0.5302734,58.40625,10.71875,-8,0,0,0,0,0,0,102.9988,102.9988
354.0364,0.1210938,0.9599609,0.5302734,58.40625,10.71875,-8,0,0,0,0,0,0,102.9988,102.9988
354.0697,0.04394531,0.9052734,0.2822266,63.03125,-8.1875,-1.84375,0,0,0,0,0,0,109.2378,109.2378
354.1029,0.04394531,0.9052734,0.2822266,63.03125,-8.1875,-1.84375,0,0,0,0,0,0,109.2378,109.2378
354.1368,-0.2578125,0.828125,0.09960938,68.09375,-22.0625,14.3125,0,0,0,0,0,0,120.4176,120.4176
354.1703,-0.2578125,0.828125,0.09960938,68.09375,-22.0625,14.3125,0,0,0,0,0,0,120.4176,120.4176
354.204,-0.2578125,0.828125,0.09960938,68.09375,-22.0625,14.3125,0,0,0,0,0,0,130.1471,130.1471
354.2387,-0.1064453,0.9941406,0.1640625,52,-9.78125,6.8125,0,0,0,0,0,0,130.1471,130.1471
354.2706,-0.1064453,0.9941406,0.1640625,52,-9.78125,6.8125,0,0,0,0,0,0,140.3947,140.3947
354.3042,-0.03320313,0.8261719,-0.0009765625,46.90625,-19.90625,0.15625,0,0,0,0,0,0,140.3947,140.3947
354.3374,-0.03320313,0.8261719,-0.0009765625,46.90625,-19.90625,0.15625,0,0,0,0,0,0,140.3947,140.3947
354.3713,-0.01269531,0.9267578,-0.2714844,41.4375,-27.3125,-4.84375,0,0,0,0,0,0,149.6209,149.6209
354.4048,0.02636719,0.8632813,-0.01171875,33,-5.15625,5.21875,0,0,0,0,0,0,156.8044,156.8044
354.4386,0.02636719,0.8632813,-0.01171875,33,-5.15625,5.21875,0,0,0,0,0,0,156.8044,156.8044
354.4713,0.02636719,0.8632813,-0.01171875,33,-5.15625,5.21875,0,0,0,0,0,0,156.8044,156.8044
354.5048,-0.15625,0.9042969,0.02148438,18.53125,-6.3125,1.21875,0,0,0,0,0,0,163.5596,163.5596
354.5379,-0.15625,0.9042969,0.02148438,18.53125,-6.3125,1.21875,0,0,0,0,0,0,163.5596,163.5596
354.572,-0.08105469,0.8925781,-0.06152344,22.375,-13.75,7.375,0,0,0,0,0,0,168.4159,168.4159
354.6056,-0.08105469,0.8925781,-0.06152344,22.375,-13.75,7.375,0,0,0,0,0,0,168.4159,168.4159
354.6388,0.1083984,0.8818359,-0.1298828,11.28125,-7.59375,5.71875,0,0,0,0,0,0,170.8298,170.8298
354.6723,0.1083984,0.8818359,-0.1298828,11.28125,-7.59375,5.71875,0,0,0,0,0,0,170.8298,170.8298
354.7054,-0.004882813,0.9423828,-0.1992188,11.9375,-14.25,1.03125,0,0,0,0,0,0,175.0715,175.0715
354.7391,-0.004882813,0.9423828,-0.1992188,11.9375,-14.25,1.03125,0,0,0,0,0,0,175.0715,175.0715
354.7725,-0.004882813,0.9423828,-0.1992188,11.9375,-14.25,1.03125,0,0,0,0,0,0,177.5607,177.5607
354.806,-0.01464844,0.9375,-0.1357422,-0.875,-5.03125,-2.53125,0,0,0,0,0,0,177.5607,177.5607
354.8395,-0.01464844,0.9375,-0.1357422,-0.875,-5.03125,-2.53125,0,0,0,0,0,0,177.5607,177.5607
354.8732,-0.05664063,0.9775391,-0.2109375,2.3125,-7.34375,-0.3125,0,0,0,0,0,0,179.7794,179.7794
354.9077,-0.05664063,0.9775391,-0.2109375,2.3125,-7.34375,-0.3125,0,0,0,0,0,0,179.7794,179.7794
354.94,0.06152344,0.9501953,-0.07519531,-1.84375,1.75,-0.6875,0,0,0,0,0,0,181.638,181.638
354.9735,0.06152344,0.9501953,-0.07519531,-1.84375,1.75,-0.6875,0,0,0,0,0,0,183.6302,183.6302
355.007,0.2011719,0.9482422,-0.2333984,-1.84375,-3.3125,-1.84375,0,0,0,0,0,0,183.6302,183.6302
355.0405,0.2011719,0.9482422,-0.2333984,-1.84375,-3.3125,-1.84375,0,0,0,0,0,0,183.744,183.744
355.0742,-0.03515625,0.7929688,-0.2197266,-0.75,-2.59375,0.40625,0,0,0,0,0,0,183.744,183.744
355.078,-0.03515625,0.7929688,-0.2197266,-0.75,-2.59375,0.40625,0,0,0,0,0,0,183.744,183.744
355.1115,-0.03515625,0.7929688,-0.2197266,-0.75,-2.59375,0.40625,0,0,0,0,0,0,186.8368,186.8368
355.1428,-0.03515625,0.7929688,-0.2197266,-0.75,-2.59375,0.40625,0,0,0,0,0,0,186.8368,186.8368
355.1776,-0.01171875,0.9882813,-0.2060547,-2.28125,0.59375,-0.9375,0,0,0,0,0,0,186.8368,186.8368
355.2108,-0.01171875,0.9882813,-0.2060547,-2.28125,0.59375,-0.9375,0,0,0,0,0,0,187.5733,187.5733
355.2454,-0.08398438,1.018555,-0.09179688,-3.0625,0.46875,-0.625,0,0,0,0,0,0,187.1656,187.1656
355.2787,-0.08398438,1.018555,-0.09179688,-3.0625,0.46875,-0.625,0,0,0,0,0,0,187.1656,187.1656
355.3104,-0.1005859,0.9257813,-0.0234375,-2.15625,-4.53125,-1.3125,0,0,0,0,0,0,187.1656,187.1656
355.3441,-0.1005859,0.9257813,-0.0234375,-2.15625,-4.53125,-1.3125,0,0,0,0,0,0,187.2908,187.2908
355.3784,0.05664063,0.9169922,-0.1591797,1.375,-7.40625,0.15625,0,0,0,0,0,0,187.2908,187.2908
355.4111,0.05664063,0.9169922,-0.1591797,1.375,-7.40625,0.15625,0,0,0,0,0,0,187.9253,187.9253
355.4446,0.05664063,0.9169922,-0.1591797,1.375,-7.40625,0.15625,0,0,0,0,0,0,187.9253,187.9253
355.4796,-0.01269531,0.9570313,-0.078125,0.96875,-3.875,1.09375,0,0,0,0,0,0,188.5173,188.5173
355.513,0.01269531,0.9296875,-0.2226563,-0.0625,-5.75,0.03125,0,0,0,0,0,0,188.5173,188.5173
355.5462,0.01269531,0.9296875,-0.2226563,-0.0625,-5.75,0.03125,0,0,0,0,0,0,189.068,189.068
355.5773,0.01269531,0.9296875,-0.2226563,-0.0625,-5.75,0.03125,0,0,0,0,0,0,189.068,189.068
355.6124,-0.2148438,1.023438,-0.01953125,1.3125,-8.9375,0.03125,0,0,0,0,0,0,189.068,189.068
355.645,-0.2148438,1.023438,-0.01953125,1.3125,-8.9375,0.03125,0,0,0,0,0,0,189.2674,189.2674
